Empresa;Cotação;Divida_Liquida;Custos;Lucro_Liquido;Lucro_Bruto;Margem_Bruta;Margem_Liquida;Divida_Bruta;Divida_Liquida.1;Roic;ROE;Receita_Liquida;EBITA;EBIT;Impostos;Margem_EBITA;Dy;P/VP;P/L;VPA;LPA
MAGAZINE LUIZA;1.74;4740000000.0;-27110000000.0;-895640000.0;10500000000.0;27.92;-2.38;7230000000.0;4740000000.0;-2.39;-2.14;37610000000.0;490950000.0;1.73;902950000.0;4.6;0.0;1.17;-13.11;1.48;-0.13
HAPVIDA;4.03;5850000000.0;-20070000000.0;-785040000.0;6320000000.0;23.96;-2.97;11580000000.0;;-0.69;-0.4;26390000000.0;165860000.0;2280000000.0;587250000.0;8.62;0.0;0.62;-37.27;6.54;-0.11
B3 S.A. - BRASIL, BOLSA, BALCÃO;11.81;-2830000000.0;-1.52;4180000000.0;9010000000.0;85.59;39.69;11430000000.0;;12.3;5.11;10520000000.0;5480000000.0;6520000000.0;-1.55;61.97;3.46;3.32;16.33;3.53;0.72
CVC BRASIL;2.57;17050000.0;0.0;-466730000.0;1.22;100.0;-38.14;790920000.0;;-5.5;-32.13;1.22;-63760000.0;147520000.0;-8950000.0;12.05;0.0;2.15;-2.44;1.19;-1.05
CIELO;3.47;-4910000000.0;-5210000000.0;2270000000.0;4400000000.0;45.79;23.6;7400000000.0;;13.17;5.08;9610000000.0;3120000000.0;3960000000.0;-604940000.0;41.24;8.5;0.81;4.96;4.31;0.7
LOJAS RENNER;12.52;-574860000.0;-5330000000.0;1.02;7990000000.0;59.99;7.63;2330000000.0;;7.95;2.59;13310000000.0;1.03;2090000000.0;69790000.0;15.68;4.37;1.24;11.87;10.08;1.05
COGNA ON;2.48;6160000000.0;-2.0;-425730000.0;3480000000.0;63.56;-7.77;7760000000.0;;2.26;-0.87;5480000000.0;463770000.0;906940000.0;13860000.0;16.56;0.0;0.38;-11.41;6.49;-0.22
MRV ENGENHARIA E PARTICIPAÇÕES;8.92;7520000000.0;-5450000000.0;-81200000.0;1.42;20.68;-1.18;8130000000.000001;;-0.5;-0.34;6870000000.0;-26240000.0;202390000.0;44960000.0;2.95;0.0;0.83;-41.71;10.71;-0.21
COPEL;20.11;11860000000.0;-17220000000.0;1.95;4750000000.0;21.63;8.85;16309999999.999998;11860000000.0;7.87;2.29;21970000000.0;3320000000.0;4690000000.0;-327360000.0;21.36;3.03;2.76;31.1;7.3;0.65
RUMO S.A;21.83;11370000000.0;-6760000000.0;790390000.0;3560000000.0;34.49;7.66;17090000000.0;;10.18;1.29;10320000000.0;3470000000.0;5430000000.0;-160010000.0;52.64;0.3;2.62;51.36;8.32;0.43
AMBEV;13.19;-8439999999.999999;-41400000000.0;14720000000.0;41310000000.0;49.95;17.79;3990000000.0;;18.47;4.3;82710000000.0;17780000000.0;24170000000.0;1.33;29.22;5.84;2.44;14.55;5.4;0.91
BRF S.A;10.54;15910000000.0;-46010000000.0;-3450000000.0;8199999999.999999;15.12;-6.37;23830000000.0;;-1.12;-8.09;54210000000.0;-290260000.0;1.85;80090000.0;3.42;0.0;1.94;-5.17;5.44;-2.04
PETZ;4.12;-53320000.0;-1.63;41140000.0;1.46;47.25;1.33;453400000.0;;5.27;0.56;3090000000.0;142000000.0;370540000.0;-20240000.0;12.01;0.68;1.03;46.32;4.02;0.09
VALE;67.28;42930000000.0;-125720000000.0;57380000000.0;80690000000.0;39.09;27.8;67170000000.0;;20.51;7.59;206410000000.0;62840000000.0;78130000000.0;-10710000000.0;37.85;6.05;1.63;5.36;41.2;12.54
VAMOS;8.5;9170000000.0;-3350000000.0;680020000.0;2570000000.0;43.44;11.48;10510000000.0;;13.6;4.53;5920000000.0;2000000000.0;2450000000.0;-39550000.0;41.31;3.26;2.41;13.88;3.54;0.62
ENEVA;11.19;16579999999.999998;-5880000000.0;654990000.0;3120000000.0;34.71;7.27;18260000000.0;;6.11;1.23;9000000000.0;2160000000.0;3520000000.0;-250240000.0;39.06;0.0;1.37;27.08;8.18;0.41
ANIMA;2.67;4170000000.0;-1.51;41510000.0;2130000000.0;58.52;1.14;5150000000.0;;-0.4;0.39;3640000000.0;374090000.0;992200000.0;404750000.0;27.28;0.0;0.42;-9.82;6.39;-0.27
AMERICANAS S.A;0.74;14220000000.0;-19410000000.0;43440000.0;8590000000.0;30.68;0.16;20790000000.0;;1.07;0.15;27990000000.0;1.17;3120000000.0;792340000.0;11.16;0.0;0.05;15.37;16.29;0.05
PETRO RIO S.A;44.72;9090000000.0;-2810000000.0;3720000000.0;5270000000.0;65.22;46.03;10250000000.0;;20.68;9.19;8090000000.0;4640000000.0;5990000000.0;-299460000.0;74.08;0.0;3.69;10.66;12.12;4.2
GRUPO DE MODA SOMA S.A.;5.98;1.22;-2230000000.0;308870000.0;2920000000.0;56.65;6.0;1.46;;4.24;1.04;5150000000.0;455410000.0;643570000.0;73840000.0;12.51;1.68;0.63;15.35;9.61;0.39
HIDROVIAS DO BRASIL;4.01;3570000000.0;-1.22;74490000.0;749930000.0;37.98;3.77;4300000000.0;;6.27;1.32;1.97;435830000.0;741480000.0;-72650000.0;37.55;0.0;2.05;40.93;1.96;0.1
ASSAÍ;11.73;8620000000.0;-50850000000.0;915000000.0;9980000000.0;16.4;1.5;13220000000.0;;16.63;5.86;60870000000.0;2970000000.0;4180000000.0;86000000.0;6.86;0.74;3.84;17.33;3.06;0.68
VIBRA ENERGIA S.A.;19.02;11240000000.0;-166620000000.0;719000000.0;5510000000.0;3.2;0.42;16899999999.999998;;7.33;1.42;172130000000.0;2240000000.0;2800000000.0;66000000.0;1.62;2.05;1.73;30.82;11.0;0.62
JBS;18.24;80250000000.0;-323430000000.0;-11350000000.0;-15050000000.0;-4.09;-3.09;93800000000.0;;-12.88;-6.39;367860000000.0;-14200000000.0;-3920000000.0;3350000000.0;-1.07;11.0;0.96;8.71;19.1;2.1
MARFRIG;6.79;43540000000.0;-122750000000.0;-7730000000.0;15320000000.0;11.1;-5.6;62130000000.0;;1.86;-36.27;138080000000.0;1.52;5740000000.0;289320000.0;4.15;13.39;1.11;-2.76;6.14;-2.46
LOCAWEB SERVIÇOS DE INTERNET S.A;6.4;-986750000.0;-661400000.0;-19110000.0;562500000.0;45.96;-1.56;73310000.0;;2.02;-0.16;1.22;63150000.0;175090000.0;-2740000.0;14.31;0.83;1.31;-199.53;4.89;-0.03
ALIANSCSONAE;21.96;-1.71;27410000.0;3910000000.0;1.88;101.48;210.74;0.0;;29.06;8.85;1.86;5850000000.0;6260000000.0;-1.59;336.86;2.36;0.86;3.93;25.57;5.58
CIA BRASILEIRA DE DISTRIBUIÇÃO;3.22;2940000000.0;-5020000000.0;-1.85;1.36;21.36;-29.0;6160000000.0;;-9.57;-3.88;6390000000.0;-1.12;928000000.0;545000000.0;14.53;0.0;0.08;-0.45;41.53;-7.1
CSN MINERAÇÃO S.A.;4.66;-281600000.0;-8490000000.0;2400000000.0;6740000000.0;44.23;15.73;7580000000.0;;20.28;5.08;15230000000.0;4250000000.0;5270000000.0;-594470000.0;34.59;19.62;2.43;10.63;1.91;0.44
BANCO DO BRASIL;49.01;-65260000000.00001;-179030000000.0;32540000000.0;84370000000.0;32.03;12.35;0.0;;20.01;5.1;263400000000.0;42560000000.0;0.0;-10020000000.0;0.0;9.3;0.86;4.42;56.75;11.1
YDUQS;19.14;4270000000.0;-2020000000.0;113390000.0;2840000000.0;58.53;2.33;5420000000.0;;8.83;0.93;4860000000.0;794230000.0;1.53;38210000.0;31.58;0.0;1.88;53.69;10.16;0.36
ULTRAPAR PARTICIPAÇÕES;18.45;8510000000.0;-127970000000.0;1.43;7420000000.0;5.48;1.06;14220000000.0;;10.62;3.07;135400000000.0;3150000000.0;3910000000.0;-357240000.0;2.88;1.9;1.7;15.0;10.85;1.23
TIM;15.11;1.45;-11460000000.0;2020000000.0;11480000000.0;50.05;8.82;4790000000.0;;11.37;2.0;22940000000.0;3550000000.0;10880000000.0;-125910000.0;47.42;5.47;1.44;18.07;10.46;0.84
USIMINAS;16.31;959980000.0;-26990000000.0;601230000.0;3240000000.0;10.73;1.99;5900000000.0;959980000.0;-2.48;0.64;30240000000.0;-287560000.0;1.26;-446760000.0;4.17;0.0;0.86;55.8;18.92;0.29
ATACADÃO;8.72;15220000000.0;-89580000000.0;587000000.0;21280000000.0;19.19;0.53;21430000000.0;;8.89;0.73;110860000000.0;4410000000.0;6400000000.0;-757000000.0;5.78;2.53;0.94;47.49;9.31;0.18
CYRELA;18.9;1.96;-3970000000.0;1.03;1.88;32.16;17.54;4840000000.0;;7.42;3.59;5850000000.0;1.06;1.03;-137910000.0;17.62;2.71;1.0;8.04;18.81;2.35
COSAN;15.79;44500000000.0;-31550000000.0;1.33;10350000000.0;24.7;3.17;60240000000.0;;12.8;1.79;41900000000.0;10190000000.0;13330000000.0;-189400000.0;31.82;2.71;1.65;-25.6;9.57;-0.62
3R PETROLEUM ÓLEO E GÁS S.A.;28.29;1.6;-1.53;526290000.0;831610000.0;35.27;22.32;2430000000.0;;-2.75;2.9;2360000000.0;113920000.0;485960000.0;324850000.0;20.61;0.0;1.29;14.19;21.89;1.99
LOCALIZA;54.37;27120000000.0;-17990000000.0;1.3;7710000000.0;30.0;5.06;36850000000.0;;8.24;1.5;25690000000.0;5140000000.0;9310000000.0;-60530000.0;36.22;2.04;2.32;44.2;23.46;1.23
CIA SIDERURGICA NACIONAL;11.52;28490000000.0;-33030000000.0;-104830000.0;11310000000.0;25.51;-0.24;41670000000.0;;6.27;-0.13;44330000000.0;4040000000.0;7170000000.0;-265850000.00000003;16.17;25.5;0.82;-25.67;13.94;-0.45
NATURA &CO HOLDING S.A.;14.24;9930000000.0;-12090000000.0;-2830000000.0;22310000000.0;64.7;-8.22;13390000000.0;;-1.1;-3.22;34490000000.0;-289940000.0;1.94;-83360000.0;5.62;0.0;0.96;-6.95;14.85;-2.05
SEQUOIA;0.51;915580000.0;-1.22;-288360000.0;134220000.0;9.93;-21.33;1.01;;-12.62;-15.92;1.35;-121090000.0;43630000.0;51600000.0;3.23;0.0;0.29;-0.37;1.75;-1.39
INFRACOMMERCE;1.39;522150000.0;-564630000.0;-276650000.0;425720000.0;42.99;-27.93;747730000.0;;-3.06;-4.82;990350000.0;-64519999.99999999;50150000.0;-1680.0;5.06;0.0;0.38;-1.95;3.66;-0.71
EQUATORIAL ENERGIA;31.12;33580000000.0;-24160000000.0;2310000000.0;10020000000.0;29.31;6.77;43170000000.0;;9.77;3.34;34180000000.0;6510000000.0;8300000000.000001;-471580000.0;24.29;1.12;1.92;21.66;16.23;1.44
CEA MODAS;5.08;745410000.0;-3030000000.0;29380000.0;3210000000.0;51.38;0.47;1.71;;7.3;0.25;6240000000.0;358580000.0;668330000.0;23600000.0;10.71;0.0;0.54;53.29;9.34;0.1
GRUPO MATEUS;6.37;2100000000.0;-19040000000.0;1.13;5240000000.0;21.59;4.67;3460000000.0;;13.12;3.75;24290000000.0;1.54;1.9;-35410000.0;7.82;0.0;1.76;12.55;3.61;0.51
LOJAS QUERO-QUERO S/A;3.52;177810000.0;-1.56;-32300000.0;774790000.0;33.14;-1.38;384240000.0;;4.72;-1.55;2340000000.0;62940000.0;181150000.0;20610000.0;7.75;0.0;1.29;-20.41;2.74;-0.17
WEG;34.9;-2700000000.0;-21620000000.0;5130000000.0;10130000000.0;31.91;16.14;2780000000.0;;27.57;8.76;31760000000.0;6050000000.0;6650000000.0;-1.04;20.94;1.71;9.55;29.23;3.67;1.2
SUZANO S.A;56.23;54760000000.0;-25460000000.0;23230000000.0;23540000000.0;48.04;47.4;74530000000.0;;13.45;16.38;49000000000.0;21620000000.0;28750000000.0;-5870000000.0;58.66;3.2;1.75;3.21;32.16;17.53
CCR;12.3;22440000000.0;-8920000000.0;1.38;6870000000.0;45.2;9.06;32730000000.0;;10.16;2.87;15210000000.0;5470000000.0;7010000000.0;-904540000.0;46.1;2.68;2.03;19.37;6.05;0.64
MINERVA;8.08;7700000000.0;-23270000000.0;350490000.0;5660000000.0;19.56;1.21;13890000000.0;;15.01;16.92;28930000000.0;2170000000.0;2660000000.0;-26480000.0;9.18;6.82;11.97;13.98;0.67;0.58
LOJAS MARISA;0.56;1.05;-512780000.0;-498400000.0;949550000.0;37.33;-19.59;1.39;;-18.84;-21.74;2540000000.0;-276590000.0;-211990000.0;42680000.0;-8.33;0.0;0.63;-0.39;0.89;-1.45
ELETROBRAS;86.01;37180000000.0;-17400000000.0;1.55;17100000000.000002;49.56;4.48;57370000000.0;37180000000.0;6.84;0.35;34490000000.0;11550000000.0;13870000000.0;-5020000.0;40.2;2.39;1.78;116.5;48.29;0.74
REDE D'OR SÃO LUIZ;24.38;2510000000.0;-28280000000.0;1.42;6530000000.0;18.76;4.07;31780000000.0;;6.56;1.77;34810000000.0;4030000000.000001;5690000000.0;-473680000.0;16.34;0.33;2.49;40.98;9.79;0.59
EMBRAER;16.85;6560000000.0;-20800000000.0;-610030000.0;4620000000.0;18.17;-2.4;16800000000.0;;1.87;-1.18;25410000000.0;880420000.0;1.93;-340550000.0;7.58;0.0;1.03;-24.67;16.34;-0.68
AERIS;0.8;938620000.0;-2580000000.0;-106640000.0;386450000.0;13.03;-3.59;1.78;;10.02;-3.02;2970000000.0;277760000.0;331350000.0;14370000.0;11.17;0.0;0.73;-5.75;1.1;-0.14
AUREN ENERGIA;13.43;442020000.0;-4640000000.0;3100000000.0;1.24;21.03;52.69;6730000000.0;;5.22;5.31;5880000000.0;1.62;2200000000.0;-498020000.0;37.5;11.11;0.91;4.36;14.79;3.1
AREZZO&CO;63.85;345990000.0;-2150000000.0;369280000.0;2460000000.0;53.36;8.02;1.03;;12.86;3.43;4610000000.0;496350000.0;698010000.0;6390000.0;15.16;2.5;2.55;19.15;25.08;3.33
RAIA DROGASIL;27.95;2030000000.0;-22210000000.0;1.05;9490000000.0;29.95;3.31;2400000000.0;;23.41;4.9;31700000000.0;1.99;3610000000.0;-136280000.0;11.37;0.37;8.68;46.55;3.22;0.6
BB SEGURIDADE;32.12;-4360000000.0;0.0;7180000000.0;0.0;0.0;0.0;0.0;;73.91;19.93;0.0;8230000000.0;0.0;-1.62;0.0;10.73;7.18;8.94;4.47;3.59
VIVARA;27.17;13460000.0;-600820000.0;374440000.0;1.39;69.78;18.83;220590000.0;;20.4;5.56;1.99;417860000.0;543730000.0;4920000.0;27.34;1.34;3.56;17.14;7.64;1.59
FLEURY S.A.;15.49;3310000000.0;-3760000000.0;294840000.0;1.4;27.08;5.72;4220000000.0;;7.1;2.36;5160000000.0;743550000.0;1.27;-82040000.0;24.72;2.99;1.66;28.71;9.31;0.54
QUALICORP;2.86;1.37;-423620000.0;7810000.0;1.43;77.13;0.42;2250000000.0;;6.19;0.14;1.85;247310000.0;695690000.0;22700000.0;37.55;2.77;0.59;-3486.18;4.86;0.0
TRÊS TENTOS;12.22;537050000.0;-6600000000.0;573460000.0;1.08;14.02;7.47;1.35;;9.22;5.18;7680000000.0;490170000.0;529910000.0;93410000.0;6.9;0.94;2.06;10.59;5.93;1.15
MULTILASER;2.37;197930000.0;-3260000000.0;-435770000.0;753790000.0;18.8;-10.87;1.1;;-7.81;-2.77;4010000000.0;-340830000.0;-284870000.0;-38070000.0;-7.1;0.0;0.52;-4.46;4.58;-0.53
CONSTRUTORA TENDA;11.14;628030000.0;-2200000000.0;-426060000.0;363530000.0;14.17;-16.6;1.36;;-11.27;-14.61;2570000000.0;-186020000.0;-123480000.0;-44990000.0;-4.81;0.0;1.99;-2.48;5.59;-4.49
CBA;4.23;2620000000.0;-7260000000.0;59980000.0;520430000.0;6.69;0.77;3990000000.0;;-2.63;0.29;7780000000.0;-22060000.0;544830000.0;219060000.0;7.0;10.42;0.49;-115.83;8.69;-0.04
GRUPO SBF;6.82;2650000000.0;-3380000000.0;124590000.0;3140000000.0;48.22;1.91;2830000000.0;;7.42;1.32;6520000000.0;394180000.0;793090000.0;-13750000.0;12.17;1.98;0.72;13.47;9.44;0.51
SABESP;60.23;16450000000.0;-15570000000.0;3210000000.0;8210000000.000001;34.52;13.52;18710000000.0;;8.17;2.88;23770000000.0;5060000000.0;7650000000.0;-1.18;32.18;2.12;1.43;12.81;42.06;4.7
HYPERA;35.15;7690000000.0;-2980000000.0;1.74;5110000000.0;63.19;21.5;9830000000.0;;12.07;4.07;8090000000.0;2640000000.0;2810000000.0;120380000.0;34.78;1.75;2.02;12.83;17.44;2.74
SIMPAR S.A.;8.02;32880000000.000004;-20830000000.0;576040000.0;8500000000.0;28.97;1.96;40650000000.0;;12.18;4.92;29330000000.0;5600000000.0;8020000000.0;262880000.0;27.33;1.96;2.13;32.49;3.76;0.25
MULTIPLAN;24.12;1.91;-157520000.0;1.03;1.75;91.73;53.96;2630000000.0;;13.57;3.86;1.91;1.38;1.56;-103530000.0;81.73;1.75;2.13;16.47;11.34;1.46
ESPAÇOLASER;1.36;713390000.0;-611610000.0;-40110000.0;358350000.0;36.94;-4.14;921750000.0;;5.26;-1.2;969960000.0;122100000.0;213070000.0;-27470000.0;21.97;0.0;0.56;-13.01;2.43;-0.1
OI S.A;0.61;21230000000.0;-9620000000.0;-22840000000.0;790640000.0;7.6;-219.4;23750000000.0;;10254.44;-32.09;10410000000.0;-17650000000.0;-14810000000.0;-890540000.0;-142.31;0.0;-0.02;-0.02;-36.24;-34.59
DURATEX;7.25;4320000000.0;-5110000000.0;683730000.0;2690000000.0;34.51;8.76;5970000000.0;;11.53;2.88;7810000000.0;1.44;2370000000.0;-56920000.0;30.34;4.68;0.99;8.9;7.35;0.81
TOTVS;26.45;-974140000.0;-1.2;512630000.0;2850000000.0;70.45;12.66;1.75;;8.75;2.89;4050000000.0;700360000.0;956260000.0;-163030000.0;23.62;1.66;3.71;31.31;7.12;0.84
ECORODOVIAS INFRAESTRUTURA E LOGÍSTICA S.A.;7.33;12190000000.0;-4610000000.0;472050000.0;2590000000.0;35.96;6.56;14370000000.0;;10.1;4.96;7200000000.0;2220000000.0;2910000000.0;-513100000.0;40.37;0.1;2.01;10.87;3.64;0.67
VIVO - TELEFÔNICA BRASIL;44.89;12860000000.0;-28560000000.0;4520000000.0;21750000000.0;43.23;8.98;18270000000.0;;7.25;1.64;50310000000.0;7240000000.0;20210000000.0;-933040000.0;40.16;5.18;1.09;16.51;41.27;2.72
PETRORECÔNCAVO;19.2;-176870000.0;-1.75;997670000.0;1.21;40.93;33.72;608620000.0;;18.86;6.28;2960000000.0;1.02;1.46;-95010000.0;49.23;5.52;1.3;5.64;14.71;3.4
AES BRASIL ENERGIA;10.5;8330000000.0;-2030000000.0;336210000.0;1.07;34.55;10.86;11620000000.0;;4.56;1.94;3100000000.0;848570000.0;1.41;-116970000.0;45.64;0.0;1.44;43.6;7.32;0.24
GUARARAPES CONFECÇÕES;5.05;1.71;-3540000000.0;-87540000.0;5000000000.0;58.57;-1.03;3840000000.0;;3.64;-0.43;8529999999.999999;349920000.0;749310000.0;26320000.0;8.78;0.0;0.5;-28.8;10.14;-0.18
BRASKEM;16.0;21950000000.0;-77990000000.0;-3890000000.0;3590000000.0;4.41;-4.76;37530000000.0;21950000000.0;-6.65;-12.51;81580000000.0;-2300000000.0;2850000000.0;681750000.0;3.49;0.0;1.76;-3.75;9.07;-4.26
MOVIDA PARTICIPACOES SA;10.48;11390000000.0;-7000000000.0;114730000.0;3510000000.0;33.44;1.09;13970000000.0;;12.01;1.0;10510000000.0;2090000000.0;3550000000.0;41220000.0;33.76;2.59;1.24;33.09;8.48;0.32
SANTOS BRASIL;7.87;-177530000.0;-1.06;373070000.0;861450000.0;44.75;19.38;297020000.0;;18.43;4.36;1.92;578820000.0;793430000.0;-122600000.0;41.22;5.03;3.12;18.23;2.52;0.43
POSITIVO;6.76;884850000.0;-2720000000.0;217260000.0;1.07;28.2;5.73;1.32;;18.2;3.95;3790000000.0;494300000.0;550860000.0;-1570.0;14.54;7.61;0.69;4.5;9.8;1.5
IRB BRASIL RESSEGUROS;42.41;-2940000000.0;-7430000000.0;-308870000.0;-665800000.0;-9.84;-4.56;1.02;;-26.21;-1.88;6770000000.0;-1.08;0.0;271110000.0;0.0;0.0;0.84;-11.3;50.3;-3.75
SÃO MARTINHO;37.56;6690000000.0;-3360000000.0;1.01;1.97;31.37;16.17;9060000000.0;;11.31;4.37;6270000000.0;1.94;3250000000.0;-230180000.0;51.8;4.38;2.19;13.11;17.17;2.87
IOCHPE MAXION;12.81;3740000000.0;-14850000000.0;78780000.0;1.43;8.78;0.48;6200000000.0;;7.17;0.5;16280000000.000002;823280000.0;1.28;-107150000.0;7.89;2.35;0.52;-68.52;24.63;-0.19
EZ TEC;16.87;-98260000.0;-747930000.0;264620000.0;337140000.0;31.07;24.39;683160000.0;;3.21;1.47;1.09;201400000.0;264700000.0;-32790000.0;24.39;1.64;0.81;14.65;20.71;1.15
ZAMP;6.09;734870000.0;-1.32;-111450000.0;2460000000.0;64.96;-2.95;1.16;;2.36;-1.94;3780000000.0;85030000.0;337700000.0;-25400000.0;8.93;0.0;1.23;-15.05;4.97;-0.4
KEPLER WEBER;10.83;-110680000.0;-1.07;313260000.0;556260000.0;34.29;19.31;155850000.0;;36.97;12.29;1.62;406490000.0;438320000.0;-101700000.0;27.02;10.48;2.91;6.21;3.72;1.74
GRUPO GPS;16.95;572150000.0;-8310000000.000001;572590000.0;1.74;17.33;5.7;3170000000.0;;13.5;5.38;10050000000.0;1.1;987820000.0;-288250000.0;9.83;1.53;4.05;19.95;4.18;0.85
GAFISA;4.56;1.63;-1.16;-178070000.0;97980000.0;7.81;-14.2;1.96;;-7.24;-3.36;1.25;-214660000.0;-185370000.0;-55780000.0;-14.78;0.0;0.16;-1.62;28.08;-2.81
DIRECIONAL ENGENHARIA;17.48;358720000.0;-1.48;359360000.0;792350000.0;34.89;15.82;1.47;;13.77;6.54;2270000000.0;451480000.0;506580000.0;-48370000.0;22.31;4.0;2.08;10.0;8.39;1.75
ENAUTA PARTICIPAÇÕES;16.39;119770000.0;-900200000.0;360540000.0;789550000.0;46.73;21.34;1.82;;7.13;2.21;1.69;547350000.0;818670000.0;-127130000.0;48.45;0.92;1.07;12.08;15.32;1.36
CAIXA SEGURIDADE;11.25;-826210000.0;0.0;3380000000.0;0.0;0.0;0.0;0.0;;27.16;7.3;0.0;3780000000.0;0.0;-562390000.0;0.0;7.61;2.85;9.99;3.95;1.13
PLANO E PLANO;8.35;228140000.0;-1.14;202220000.0;568610000.0;33.2;11.81;553100000.0;;18.32;11.46;1.71;236770000.0;243460000.0;-40000000.0;14.22;1.92;3.27;8.44;2.55;0.99
SMARTFIT ESCOLA DE GINÁSTICA E DANÇA S.A.;20.6;596670000.0;-2270000000.0;406340000.0;1.37;37.57;11.15;3270000000.0;;10.09;2.36;3640000000.0;846020000.0;1.71;-55160000.0;46.9;0.0;2.64;30.19;7.79;0.68
INTERNATIONAL MEAL COMPANY;1.79;353070000.0;-1.57;95980000.0;757700000.0;32.49;4.12;520990000.0;;13.74;2.22;2330000000.0;258570000.0;381210000.0;-38800000.0;16.35;0.0;0.48;5.34;3.76;0.34
AZEVEDO E TRAVASSOS S.A.;2.62;42220000.0;-489140000.0;-46320000.0;45040000.0;8.43;-8.67;51200000.0;;-72.25;-11.09;534190000.00000006;-66010000.00000001;-28600000.0;57120000.0;-5.35;0.0;2.05;-5.27;1.28;-0.5
COPASA;16.91;3220000000.0;-4080000000.0;1.08;2660000000.0;39.51;16.06;3990000000.0;;10.92;3.67;6740000000.0;1.49;2260000000.0;-229700000.0;33.45;9.87;0.85;5.94;19.94;2.85
GRENDENE;6.54;-662980000.0;-1.42;557210000.0;1.04;42.35;22.64;89360000.0;;6.99;3.65;2460000000.0;267350000.00000003;322070000.0;-25150000.0;13.09;21.92;1.75;10.59;3.74;0.62
CAMIL;7.7;3300000000.0;-8390000000.000001;452090000.0;2160000000.0;20.5;4.28;4210000000.0;;10.49;3.83;10550000000.0;789980000.0;1.02;-33500000.0;9.69;3.73;0.9;5.96;8.58;1.29
PAGUE MENOS;3.12;1.38;-7230000000.0;86120000.0;3380000000.0;31.85;0.81;1.69;;12.26;0.95;10600000000.0;587370000.0;1.07;104520000.0;10.1;5.96;0.08;1.96;41.44;1.59
SER EDUCACIONAL;6.05;518380000.0;-882650000.0;-161710000.0;879860000.0;49.92;-9.17;728280000.0;;3.13;-3.2;1.76;69100000.0;300110000.0;-7400000.0;17.03;0.0;0.63;-4.82;9.64;-1.26
SPRINGS GLOBAL;2.14;468120000.0;-1.1;-469060000.0;350420000.0;24.22;-32.42;726800000.0;;-8.94;-15.07;1.45;-109960000.0;-4730000.0;-9110000.0;-0.33;0.0;0.18;-0.23;12.11;-9.38
JHSF;4.39;2390000000.0;-737880000.0;440340000.0;937540000.0;55.96;26.28;3090000000.0;;7.99;2.21;1.68;753310000.0;819150000.0;-104010000.0;48.89;10.68;0.59;6.43;7.41;0.68
ONCOCLÍNICAS;10.98;2900000000.0;-3230000000.0;230190000.0;1.81;35.87;4.57;3640000000.0;;11.98;2.75;5030000000.0;718370000.0;938510000.0;-15270000.0;18.65;0.0;2.6;39.91;4.23;0.28
JALLES MACHADO;8.42;2590000000.0;-1.29;621780000.0;420720000.0;24.61;36.37;3460000000.0;;14.42;8.05;1.71;815940000.0;1.38;-30320000.0;80.55;5.26;1.25;3.99;6.74;2.11
MOBLY;3.25;10490000.0;-352410000.0;-75760000.0;257880000.0;42.25;-12.41;177360000.0;;-11.72;-3.49;610290000.0;-81210000.0;-55980000.0;0.0;-9.17;0.0;0.67;-4.57;4.84;-0.71
BANCO BANRISUL;18.9;-5160000000.0;-9860000000.0;822660000.0;4510000000.0;31.38;5.73;0.0;-5160000000.0;8.61;2.19;14370000000.0;892030000.0;0.0;-69380000.0;0.0;5.02;0.81;9.4;23.36;2.01
PORTOBELLO;5.16;855770000.0;-671220000.0;8340000.0;861520000.0;40.43;0.39;1.26;;10.11;0.47;2130000000.0;175460000.0;290020000.0;-9820000.0;13.61;4.07;1.95;87.2;2.65;0.06
MÉLIUZ S.A.;6.43;-394670000.0;-487020000.0;-50860000.0;-117200000.0;-31.69;-13.75;1110.0;;-15.32;-1.63;369810000.0;-117220000.0;-98320000.0;-1000.0;-26.59;0.0;0.72;-12.04;8.9;-0.53
NEOENERGIA;17.54;37110000000.0;-32100000000.0;4440000000.0;12500000000.0;28.03;9.95;43420000000.0;;12.29;4.11;44610000000.0;9060000000.0;11680000000.0;-299000000.0;26.17;4.78;0.76;4.87;22.93;3.6
ENGIE BRASIL;40.55;13290000000.0;-5650000000.0;3240000000.0;5720000000.0;50.32;28.49;18050000000.0;;19.56;9.51;11370000000.0;6020000000.0;6960000000.0;-855500000.0;61.18;6.43;3.97;10.22;10.22;3.97
TRISUL;4.9;714330000.0;-667030000.0;242920000.0;229480000.0;25.6;27.1;992010000.0;;4.83;4.75;896510000.0;136000000.0;162300000.0;-24820000.0;18.1;2.8;0.7;9.74;7.02;0.5
PORTO SEGURO;26.76;-11320000000.0;0.0;1.91;30360000000.0;100.0;6.31;0.0;;9.62;4.47;30360000000.0;1.65;2000000000.0;-546920000.0;6.59;0.33;1.51;9.27;17.72;2.89
M.DIAS BRANCO;37.01;1.16;-7900000000.0;498400000.0;3130000000.0;28.38;4.52;2390000000.0;;6.33;1.84;11030000000.0;713470000.0;1.0;119210000.0;9.09;0.54;1.79;25.17;20.64;1.47
CPFL ENERGIA;33.3;19400000000.0;-27070000000.0;5690000000.0;12900000000.0;32.26;14.24;24670000000.0;19400000000.0;20.61;8.45;39970000000.0;11170000000.0;13360000000.0;-2410000000.0;33.41;10.29;2.15;6.94;15.48;4.8
KORA SAÚDE;1.0;2250000000.0;-1.7;-211230000.0;466570000.0;21.53;-9.75;2440000000.0;2250000000.0;6.5;-4.72;2170000000.0;240600000.0;367760000.0;-13750000.0;16.97;0.0;0.74;-3.44;1.36;-0.29
INTELBRAS;19.71;-337710000.0;-3030000000.0;533990000.0;1.33;30.5;12.25;980430000.0;-337710000.0;14.48;5.89;4360000000.0;514240000.0;573380000.0;22980000.0;13.16;2.9;2.68;12.1;7.36;1.63
SLC AGRICOLA;37.08;3760000000.0;-6280000000.0;977770000.0;2630000000.0;29.46;10.97;4930000000.0;3760000000.0;16.76;4.91;8910000000.0;2.0;2190000000.0;-284610000.0;24.55;7.94;1.59;9.12;23.38;4.07
AMBIPAR PARTICIPACOES E EMPREENDIMENTOS S/A;19.65;4320000000.0;-3450000000.0;-31230000.0;1.06;23.53;-0.69;7480000000.0;4320000000.0;8.02;-0.72;4520000000.0;800160000.0;1.16;-115090000.0;25.74;0.68;2.08;-19.35;9.44;-1.02
CURY;15.18;-335780000.0;-1.58;410800000.0;953720000.0;37.7;16.24;499610000.0;;29.88;12.45;2530000000.0;501600000.0;407300000.0;-64010000.00000001;16.1;5.19;4.59;11.22;3.31;1.35
BRISANET;3.19;750400000.0;-603240000.0;121570000.0;520750000.0;46.33;10.82;1.21;;7.36;2.18;1.12;247290000.0;549350000.0;-51880000.0;48.87;1.01;0.99;11.78;3.22;0.27
SINQIA S.A;27.28;211180000.0;-383870000.0;4830000.0;272750000.0;41.54;0.74;429400000.0;;4.4;0.18;656630000.0;55670000.0;164690000.0;-8670000.0;25.08;0.2;3.75;2732.41;7.27;0.01
DESKTOP;14.33;680880000.0;-300330000.0;90170000.0;553700000.0;64.83;10.56;852670000.0;;13.37;2.1;854020000.0;289130000.0;405600000.0;-10880000.0;47.49;0.0;1.34;20.57;10.66;0.7
EVEN CONSTRUTORA E INCORPORADORA;5.89;-7760000.0;-2020000000.0;215780000.0;551700000.0;21.48;8.4;945320000.0;;3.32;2.76;2570000000.0;165730000.0;176610000.0;-67200000.0;6.88;6.82;0.58;8.3;10.11;0.71
MELNICK;4.01;-171830000.0;-845450000.0;101350000.0;212840000.0;20.11;9.58;238620000.0;;1.94;2.1;1.06;55610000.0;58240000.0;-27830000.0;5.5;13.19;0.69;10.26;5.79;0.39
CM HOSPITALAR S.A.;15.65;2310000000.0;-8570000000.0;209410000.0;1.66;16.23;2.05;3280000000.0;;9.96;2.26;10230000000.0;614470000.0;839820000.0;51490000.0;8.21;1.77;2.13;24.13;7.36;0.65
OCEANPACT;5.5;1.01;-1.12;59450000.0;283620000.0;20.2;4.23;1.17;;10.5;1.95;1.4;211320000.0;453750000.0;-6100000.0;32.31;0.0;1.39;18.5;3.95;0.3
ODONTOPREV;10.67;-312000000.0;-1.07;453530000.0;971340000.0;47.48;22.17;0.0;;28.64;9.12;2050000000.0;584020000.0;622540000.0;-194050000.0;30.43;3.05;4.33;12.99;2.46;0.82
RECRUSUL;1.78;-266000.0;-57560000.0;-12650000.0;8740000.0;13.18;-19.07;0.0;;1406.93;29.32;66300000.0;6120000.0;7360000.0;-28000.0;11.09;0.0;523.27;-17.95;0.0;-0.1
GETNINJAS;4.64;-269010000.0;-4800000.0;-3950000.0;54800000.0;91.95;-6.63;1220.0;;-12.51;-0.35;59600000.0;-35080000.0;-33010000.0;-117000.0;-55.39;0.0;0.84;-59.63;5.52;-0.08
MILLS;10.87;522260000.0;-450770000.0;329020000.0;821360000.0;64.57;25.86;1.05;;15.56;6.49;1.27;405610000.0;599300000.0;-34880000.0;47.11;2.74;2.0;11.02;5.43;0.99
OMEGA GERAÇÃO;8.55;8310000000.000001;-1.85;-4240000.0;727840000.0;28.19;-0.16;9050000000.0;;4.41;-0.02;2580000000.0;674770000.0;1.1;-57550000.0;42.78;0.0;1.07;-750.75;7.96;-0.01
LIGHT;5.33;8560000000.000001;-11120000000.0;-5270000000.0;2140000000.0;16.14;-39.74;10310000000.0;;-19.41;-30.26;13260000000.0;-1.98;-1.22;-617500000.0;-9.2;0.0;0.65;-0.38;8.21;-14.14
TUPY;26.13;2230000000.0;-9090000000.0;455800000.0;1.97;17.79;4.12;3380000000.0;;10.28;3.69;11060000000.0;737090000.0;1.09;-70190000.0;9.82;4.57;1.21;8.32;21.56;3.14
IRANI PAPEL E EMBALAGEM S.A;11.68;987440000.0;-910670000.0;493150000.0;628140000.0;38.04;29.87;1.85;;16.12;10.54;1.65;685350000.0;789850000.0;-180780000.0;47.84;7.56;2.25;5.83;5.2;2.0
NEOGRID PARTICIPAÇÕES S.A.;1.22;-161270000.0;-98930000.0;10940000.0;173970000.0;63.74;4.01;55240000.0;;-4.0;0.6;272940000.0;-11220000.0;17370000.0;9240000.0;6.37;1.21;0.64;22.92;1.91;0.05
INDÚSTRIAS ROMI;11.88;530010000.0;-1.01;221350000.0;495590000.0;32.98;14.73;814050000.0;;11.19;5.18;1.5;272840000.0;327470000.0;-57760000.0;21.79;8.36;0.95;4.79;12.48;2.48
BEMOBI MOBILE TECH S.A.;11.75;-543830000.0;-1.04;90710000.0;320570000.0;23.63;6.69;0.0;;4.13;2.13;1.36;96570000.0;153770000.0;-52670000.0;11.34;1.9;0.96;11.27;12.22;1.04
HOSPITAL MATER DEI;8.09;953330000.0;-1.36;134480000.0;705400000.0;34.17;6.51;1.27;;11.75;2.04;2060000000.0;414270000.0;518930000.0;-71370000.0;25.14;0.8;1.88;26.45;4.31;0.31
WIZ;5.11;43060000.0;-418430000.0;181910000.0;582640000.0;58.2;18.17;364150000.0;;37.07;11.23;1.0;370200000.0;380460000.0;-81500000.0;38.01;8.71;1.97;7.78;2.59;0.66
HBR REALTY;4.84;940170000.0;-23120000.0;126860000.0;125280000.0;84.42;85.48;1.17;;7.05;1.66;148410000.0;245760000.0;262420000.00000003;-28910000.0;176.83;0.0;0.26;7.84;18.48;0.62
CEMIG;18.87;8109999999.999999;-27350000000.0;5230000000.0;8520000000.0;23.76;14.59;11830000000.0;;17.8;5.86;35870000000.0;7420000000.0;8640000000.0;-1.12;24.09;3.38;1.76;7.94;10.72;2.38
VALID;16.51;456760000.0;-1.15;172070000.0;746890000.0;39.32;9.06;762250000.0;;15.52;3.39;1.9;357810000.0;411970000.0;-38960000.0;21.69;3.89;1.05;8.25;15.79;2.0
MOURA DUBEUX ENGENHARIA S/A;9.66;-72960000.0;-670600000.0;126510000.0;313840000.0;31.88;12.85;192620000.0;;6.67;2.62;984420000.0;126300000.0;131670000.0;-29640000.0;13.38;0.0;0.65;6.43;14.8;1.5
BRASILAGRO;28.57;459930000.0;-886230000.0;268530000.0;393750000.0;30.76;20.98;871970000.0;;8.57;3.16;1.28;275820000.0;428630000.0;-12780000.0;33.49;11.34;1.34;10.92;21.4;2.62
FRAS-LE;15.13;-120210000.0;-2230000000.0;297330000.0;1.1;32.9;8.93;897470000.0;;13.35;4.08;3330000000.0;461560000.0;565850000.0;-88640000.0;17.0;2.75;2.15;13.82;7.02;1.09
BLAU FARMACÊUTICA;16.49;-147980000.0;-752080000.0;308800000.0;598770000.0;44.33;22.86;243760000.0;;13.34;4.23;1.35;364310000.0;390830000.0;-81790000.0;28.93;2.92;1.58;9.49;10.45;1.74
LAVVI;6.86;-473540000.0;-476990000.0;172230000.0;241760000.0;33.64;23.96;65970000.0;;9.0;3.66;718750000.0;142510000.0;143290000.0;-25930000.0;19.94;4.29;1.11;8.84;6.16;0.78
MITRE REALTY EMPREENDIMENTOS E PARTICIPAÇÕES S.A;3.68;402960000.0;-610120000.0;98050000.0;195860000.0;24.3;12.17;581040000.0;;4.3;2.45;805980000.0;88420000.0;96780000.0;-19260000.0;12.01;23.82;0.38;3.99;9.72;0.92
VIVER INCORPORADORA E CONSTRUTORA;3.37;2310000.0;-80210000.0;-63790000.0;31420000.0;28.15;-57.15;32940000.0;;-129.25;20.95;111620000.0;-66349999.99999999;-63220000.0;82000.0;-56.64;0.0;4.29;-1.24;0.79;-2.72
VULCABRAS;18.64;100810000.0;-1.64;534770000.0;1.06;39.23;19.83;383700000.0;;20.83;7.63;2700000000.0;503620000.0;594800000.0;-29120000.0;22.05;4.05;2.42;8.57;7.7;2.17
CIA SANEAMENTO DO PARANA - SANEPAR;4.3;4460000000.0;-2350000000.0;1.37;3550000000.0;60.18;23.19;5610000000.0;;10.93;3.86;5900000000.0;2050000000.0;2510000000.0;-446940000.0;42.6;4.41;0.71;4.75;6.02;0.9
ENJOEI;1.36;-294390000.0;-84700000.0;-31190000.0;62140000.0;42.32;-21.24;0.0;;-15.63;-2.06;146840000.0;-58610000.0;-37410000.0;0.0;-25.48;0.0;0.73;-8.83;1.85;-0.15
DIMED;11.59;805970000.0;-2900000000.0;82620000.0;1.31;31.09;1.96;999180000.0;;6.82;1.86;4210000000.0;148420000.0;338810000.0;3400000.0;8.05;1.92;1.55;21.1;7.49;0.55
KLABIN S.A.;4.77;19510000000.0;-11020000000.0;5080000000.0;9250000000.0;46.97;25.77;25540000000.0;;12.25;12.37;19690000000.0;6330000000.0;7840000000.0;-1.76;39.82;5.93;2.27;5.9;2.1;0.81
WILSON SONS LTD.;13.71;2460000000.0;-1.31;375700000.0;1.05;44.46;15.87;2610000000.0;;10.36;4.06;2370000000.0;642660000.0;911230000.0;-136940000.0;38.5;4.62;2.65;16.46;5.18;0.83
HELBOR;2.37;1.64;-784080000.0;119990000.0;302240000.0;27.82;11.05;2070000000.0;;4.53;2.18;1.09;180870000.0;209340000.0;-24430000.0;19.27;3.82;0.23;7.54;10.35;0.31
PRINER;9.85;196810000.0;-757360000.0;66580000.0;238090000.0;23.92;6.69;275670000.0;;19.55;7.22;995460000.0;122820000.0;154810000.0;-24430000.0;15.55;2.62;1.68;18.19;5.85;0.54
CLEAR SALE;4.32;-399790000.0;-316700000.0;-11730000.0;215680000.0;40.52;-2.2;45490000.0;;-7.68;-0.4;532280000.0;-48260000.0;-11420000.0;-11110000.0;-2.15;0.0;1.12;-69.24;3.87;-0.06
LUPATECH;2.28;147560000.0;-74790000.0;39010000.0;21080000.0;21.99;40.69;151050000.0;;-59.21;6.16;95870000.0;-61600000.0;-51060000.0;120740000.0;-53.26;0.0;0.44;1.77;5.17;1.29
CRUZEIRO DO SUL EDUCACIONAL;3.92;237410000.0;-1.15;48640000.0;999160000.0;46.43;2.26;965650000.0;;14.78;0.86;2150000000.0;359270000.0;489610000.0;-8700000.0;22.75;1.76;1.02;29.58;3.83;0.13
ETERNIT;7.77;76250000.0;-862580000.0;78230000.0;328980000.0;27.61;6.57;125900000.0;;11.02;2.87;1.19;98760000.0;130030000.0;-8410000.0;10.91;5.01;0.69;6.14;11.24;1.27
MAHLE-METAL LEVE;46.75;187870000.0;-3160000000.0;704980000.0;1.3;29.06;15.82;497130000.0;;34.38;11.37;4460000000.0;871770000.0;970940000.0;-210760000.0;21.78;9.32;4.21;8.49;11.11;5.51
VITTIA;11.6;164370000.0;-457640000.0;102510000.0;301710000.0;39.73;13.5;209500000.0;;16.97;4.29;759330000.0;146710000.0;165620000.0;-15760000.0;21.81;0.81;2.95;13.1;3.93;0.89
MARCOPOLO;4.37;1.07;-5070000000.0;688640000.0;1.25;19.81;10.89;2400000000.0;;8.75;5.52;6320000000.0;598610000.0;776030000.0;-104210000.0;12.27;8.56;1.27;5.95;3.43;0.74
WESTWING;1.36;-123260000.0;-127450000.0;-58180000.0;94030000.0;42.46;-26.27;26740000.0;;-25.86;-4.68;221480000.0;-79410000.0;-57080000.0;1650.0;-25.77;0.0;0.52;-2.58;2.59;-0.53
DOTZ;1.1;-4210000.0;-18790000.0;-84470000.0;123410000.0;86.78;-59.4;105530000.0;;96.01;-12.19;142210000.0;-93790000.0;-34370000.0;-353000.0;-24.17;0.0;-0.71;-1.72;-1.54;-0.64
TECHNOS;3.57;-2290000.0;-154890000.0;48370000.0;189780000.0;55.06;14.03;109540000.0;;10.41;3.39;344680000.0;56930000.0;60690000.0;-7270000.0;17.61;2.3;0.69;5.23;5.18;0.68
LOG COMMERCIAL PROPERTIES;18.99;1.59;-2530000.0;229610000.0;244030000.0;98.97;93.13;2050000000.0;;5.87;1.59;246550000.0;348660000.0;349880000.0;-14160000.0;141.91;4.83;0.53;8.62;35.67;2.2
RENOVA ENERGIA;1.2;993960000.0;-177090000.0;645850000.0;69690000.0;28.24;261.7;1.02;;43.65;22.87;246790000.0;828170000.0;919590000.0;-8109999.999999999;372.62;0.0;0.35;0.46;3.43;2.59
TIME FOR FUN;2.33;21120000.0;-300000000.0;6530000.0;101590000.0;25.3;1.63;151000000.0;;16.88;1.23;401590000.0;55140000.0;60770000.0;-4740000.0;15.13;0.0;1.06;70.12;2.19;0.03
ALLIANÇA SAÚDE E PARTICIPAÇÕES S.A.;9.14;895630000.0;-789160000.0;-277750000.0;342490000.0;30.26;-24.54;991150000.0;;-2.0;-7.32;1.13;-12350000.0;100380000.0;-24700000.0;8.87;0.0;1.25;-3.77;7.32;-2.42
TEGMA GESTÃO LOGÍSTICA;24.06;-66390000.0;-1.22;184880000.0;307070000.0;20.1;12.1;170650000.0;;17.87;5.96;1.53;229690000.0;248350000.0;-56110000.0;16.26;6.48;1.98;8.62;12.13;2.79
BOA SAFRA SEMENTES S.A.;12.6;345630000.0;-1.56;207230000.0;260920000.00000003;14.32;11.37;626130000.0;;13.89;6.52;1.82;201090000.0;102670000.0;138000.0;5.64;0.66;1.8;7.32;7.0;1.72
JSL;8.09;4980000000.0;-5460000000.0;363320000.0;1.23;18.43;5.43;5740000000.0;;15.23;6.18;6690000000.0;1.15;1.23;-25370000.0;18.39;0.0;1.41;6.38;5.75;1.27
UNIFIQUE;3.7;-107330000.0;-433020000.0;119580000.0;354170000.0;44.99;15.19;336660000.0;;10.78;2.94;787190000.0;196090000.0;381730000.0;-46290000.0;48.49;3.42;1.27;11.3;2.91;0.33
SYN PROP E TECH S.A.;3.98;690670000.0;-215380000.0;-22650000.0;208410000.0;49.18;-5.35;1.0;;4.25;-0.37;423780000.0;136940000.0;148520000.0;-30140000.0;35.05;0.0;0.4;-16.9;9.87;-0.24
BANCO SANTANDER;12.94;-20700000000.0;-82460000000.0;9000000000.0;15400000000.0;15.73;9.2;0.0;;3.21;2.17;97860000000.0;7330000000.0;2180000000.0;3720000000.0;2.23;6.38;0.86;10.78;15.01;1.2
ORIZON;35.5;872780000.0;-542900000.0;-131490000.0;218580000.0;28.7;-17.27;1.01;;4.31;-6.21;761480000.0;110410000.0;296210000.0;-40520000.0;38.9;0.0;4.78;-24.52;7.42;-1.45
TAESA;11.33;8100000000.0;-681570000.0;932360000.0;1.66;70.93;39.77;9430000000.0;;10.59;3.49;2340000000.0;1.82;1.84;-115080000.0;78.29;9.93;1.75;10.03;6.47;1.13
PDG REALTY;3.96;1.3;-58840000.0;-819460000.0;51630000.0;46.73;-741.78;1.38;;1.22;-4.11;110470000.0;6650000.0;7990000.0;53670000.0;7.23;0.0;0.0;-0.02;-1620.76;-253.83
ELETROMIDIA;13.82;543170000.0;-494460000.0;88570000.0;380630000.0;43.5;10.12;851960000.0;;8.26;2.71;875090000.0;166510000.0;302680000.0;30600000.0;34.59;0.0;2.44;31.24;5.66;0.44
ITAUSA INVESTIMENTOS ITAU S.A.;9.14;5000000000.0;-5110000000.0;13700000000.0;2700000000.0;34.55;175.5;12610000000.0;;17.02;4.66;7810000000.0;15600000000.0;16590000000.0;-372000000.0;212.51;7.05;1.15;6.68;7.92;1.37
PROFARMA;3.86;868780000.0;-7080000000.0;35420000.0;1.22;14.66;0.43;1.03;;9.64;0.74;8289999999.999999;215030000.0;261950000.0;-591000.0;3.16;4.49;0.4;15.56;9.69;0.25
AGROGALAXY;4.08;928930000.0;-9870000000.0;-49890000.0;1.23;11.04;-0.45;2110000000.0;;12.14;-0.92;11100000000.0;432960000.0;560520000.0;48720000.0;5.05;0.0;0.66;-3.55;6.18;-1.15
CAMBUCI S.A.;8.53;60680000.0;-259870000.0;76160000.0;229770000.0;46.93;15.55;66140000.0;;39.02;10.6;489630000.0;109560000.0;121460000.0;-4520000.0;24.81;2.4;1.78;4.74;4.8;1.8
TECNISA;2.78;502370000.0;-326760000.0;28260000.0;64099999.99999999;16.4;7.23;663530000.0;;2.58;1.18;390850000.0;43540000.0;49720000.0;-10920000.0;12.72;0.0;0.34;7.82;8.13;0.36
UNIPAR CARBOCLORO;84.97;-33490000.000000004;-3830000000.0;785420000.0;2440000000.0;38.9;12.53;1.3;-33490000.000000004;25.66;7.62;6270000000.0;1.56;1.8;-551700000.0;28.75;8.21;3.38;11.27;25.15;7.54
DEXXOS PARTICIPAÇÕES S.A.;10.46;-57280000.0;-1.47;179500000.0;364890000.0;19.83;9.76;304450000.0;;22.41;7.5;1.84;266940000.0;301330000.0;-52950000.0;16.38;0.0;1.51;6.64;6.92;1.58
LOPES BRASIL;1.98;-50410000.0;-34010000.0;85270000.0;156880000.0;82.19;44.67;0.0;;12.96;10.96;190880000.0;36130000.0;55980000.0;-10090000.0;29.33;1.05;1.45;52.49;1.36;0.04
ALLPARK EMPREENDIMENTOS PARTICIPACOES SERVICOS S.A;4.26;1.22;-871800000.0;-123240000.0;363640000.0;29.43;-9.98;1.51;;6.23;-7.59;1.24;122960000.0;285390000.0;-6010000.0;23.1;0.0;2.49;-7.13;1.71;-0.6
FERTILIZANTES HERINGER;7.88;-36780000.0;-5720000000.0;-451150000.0;-96290000.0;-1.71;-8.02;31150000.0;;-410.28;-39.26;5630000000.0;-452030000.0;-412530000.0;92790000.0;-7.33;0.0;4.18;-0.94;1.89;-8.38
OSX BRASIL;6.8;5690000000.0;-3430000.0;-360560000.0;33040000.0;90.61;-988.65;5700000000.0;;-111.18;-1.55;36470000.0;519110000.0;540190000.0;-158370000.0;1481.18;0.0;0.0;-0.06;-1913.22;-112.47
INEPAR S.A. INDUSTRIA E CONSTRUÇÃO;5.06;914520000.0;-16559999.999999998;-388560000.0;-7590000.0;-84.57;-4331.32;914740000.0;;13.46;-5.94;8970000.0;-101270000.0;-85240000.0;14750000.0;-950.2;0.0;-0.12;-0.58;-40.94;-8.69
CSU DIGITAL;15.26;16410000.0;-314780000.0;81120000.0;208950000.0;38.91;15.11;83460000.0;;16.94;5.28;537020000.0;109460000.0;171730000.0;-28280000.0;31.98;6.45;1.61;7.86;9.47;1.94
ATMA S.A.;2.62;270490000.0;-510700000.0;165970000.0;-93550000.0;-22.48;39.88;328210000.0;;-59.01;-17.95;416140000.0;-194990000.0;-72880000.0;0.0;-17.51;0.0;31.1;0.42;0.08;6.21
ALLIED;5.95;231640000.0;-4650000000.0;62790000.0;742380000.0;13.77;1.16;588500000.0;;7.52;1.04;5390000000.0;194090000.0;264780000.0;34630000.0;4.91;5.95;0.36;8.83;16.44;0.67
LOG-IN LOGÍSTICA INTERMODAL;38.34;905620000.0;-1.67;351810000.0;516840000.00000006;23.67;16.11;1.41;;10.45;10.61;2180000000.0;382390000.0;594120000.0;136890000.0;27.21;0.0;4.37;10.81;8.78;3.55
GERDAU;21.04;6510000000.0;-61680000000.0;9600000000.0;14570000000.0;19.11;12.59;10700000000.0;;18.6;4.98;76250000000.0;14120000000.0;16640000000.0;-3030000000.0;21.83;15.75;0.75;3.87;27.87;5.44
ROSSI RESIDENCIAL;3.87;612510000.0;-327000.0;-319920000.0;-42760000.0;100.79;754.21;622570000.0;;51.03;-7.3;-42420000.0;-288450000.0;-287170000.0;6850000.0;676.99;0.0;-0.06;-0.18;-60.06;-21.86
GRUPO JEREISSATI;2.58;1.93;-440010000.0;288480000.0;666410000.0;60.23;26.07;3090000000.0;1.93;7.28;1.78;1.11;542650000.0;716370000.0;18810000.0;64.75;2.03;0.77;11.15;3.35;0.23
BRADESPAR;20.38;-259350000.00000003;0.0;2750000000.0;0.0;0.0;0.0;0.0;;34.6;9.08;0.0;2690000000.0;2760000000.0;-63760000.0;0.0;13.07;1.06;2.91;19.3;7.01
PADTEC HOLDING S.A.;2.49;77000000.0;-216740000.0;19500000.0;131430000.0;34.21;5.08;120750000.0;;13.3;3.63;384150000.0;34470000.0;56550000.0;-445000.0;14.72;0.0;1.45;10.02;1.72;0.25
SANTANENSE;0.0;132190000.0;-374140000.0;6180000.0;35790000.0;8.73;1.51;159060000.0;132190000.0;1.74;0.52;409920000.0;24420000.0;35460000.0;16250000.0;8.65;0.0;0.0;0.0;4.83;0.1
TERRA SANTA PROPRIEDADES AGRICOLAS S.A.;21.22;85100000.0;-5810000.0;147470000.0;92470000.0;94.09;150.05;88710000.0;;-2.86;5.15;98280000.0;66690000.0;71490000.0;89240000.0;72.74;6.38;2.91;13.85;7.29;1.53
SANSUY S.A. INDUSTRIA DE PLÁSTICOS;5.85;124680000.0;-663750000.0;-257520000.0;198420000.0;23.01;-29.87;127030000.0;124680000.0;-2.23;-3.58;862180000.0;39880000.0;56170000.0;393000.0;6.51;0.0;-0.02;-0.15;-245.92;-38.72
TPI - TRIUNFO PARTICIP. E INVEST. S.A;4.05;1.57;-860050000.0;-217140000.0;-9820000.0;-1.15;-25.54;1.62;;-5.86;-6.32;850240000.0;-114040000.0;31940000.0;25640000.0;3.76;0.0;0.23;-0.82;17.29;-4.92
ALPER;32.89;-80230000.0;23810000.0;26290000.0;260060000.0;91.41;9.24;0.0;;3.59;1.4;284500000.0;25800000.0;52160000.0;8760000.0;18.34;0.98;0.8;14.28;41.37;2.3
VESTE S/A;14.17;258730000.00000003;-398880000.0;169820000.0;719340000.0;64.33;15.19;299190000.0;;7.51;7.43;1.12;210280000.0;401680000.0;110680000.0;35.92;0.82;1.56;9.46;9.05;1.5
D1000 VAREJO FARMA PARTICIPAÇÕES S.A.;4.86;-24430000.0;-1.07;12620000.0;512920000.0;32.39;0.8;27540000.0;;4.21;0.37;1.58;39730000.0;69240000.0;-2510000.0;4.37;0.0;0.29;19.49;16.91;0.25
PARANAPANEMA;4.68;3470000000.0;-1.86;-3100000000.0;-515260000.0;-38.26;-230.24;3490000000.0;;1206.91;-28.03;1.35;-1.59;-1.49;-7950000.0;-110.42;0.0;-0.06;-0.07;-83.53;-71.44
COELCE;13.8;5220000000.0;-7300000000.0;480110000.0;1.5;17.03;5.46;5970000000.0;5220000000.0;10.46;3.04;8800000000.0;1.21;1.67;-153650000.0;19.04;3.91;0.26;2.24;52.61;6.17
TAURUS ARMAS;15.06;243910000.0;-1.28;308440000.0;876550000.0;40.56;14.27;450590000.0;;20.55;7.32;2160000000.0;458560000.0;493580000.0;-148400000.0;22.84;9.27;1.8;6.18;8.36;2.44
UNICASA;2.52;-14650000.0;-149780000.0;17060000.0;78760000.0;34.46;7.46;16149999.999999998;;-155.61;2.22;228540000.0;11120000.0;19470000.0;336220000.0;8.52;7.21;0.86;9.76;2.92;0.26
BANCO BANESTES;8.57;-3840000000.0;-3750000000.0;327640000.0;1.35;26.39;6.42;0.0;;16.14;4.08;5100000000.0;449840000.0;0.0;-122200000.0;0.0;7.32;1.33;8.26;6.43;1.04
POMIFRUTAS;2.45;63490000.0;-11220000.0;-7260000.0;1530.0;20.66;-97.72;63770000.0;;53.26;-2.57;7430000.0;-4560000.0;-1730.0;213000.0;-23.34;0.0;-0.07;-0.69;-35.41;-3.53
TRONOX PIGMENTOS DO BRASIL;44.5;-96680000.0;-730670000.0;134180000.0;134100000.0;15.51;15.52;9270000.0;-96680000.0;12.74;4.12;864770000.0;99890000.0;125410000.0;-9110000.0;14.5;11.81;1.84;9.62;24.23;4.62
RANDON;8.98;3230000000.0;-8490000000.0;711820000.0;2850000000.0;25.11;6.28;5280000000.0;;13.84;6.3;11340000000.0;1.36;1.63;-226470000.0;14.36;5.7;1.01;6.21;8.91;1.45
RNI NEGÓCIOS IMOBILIÁRIOS;4.62;700550000.0;-468100000.0;6840000.0;153400000.0;24.68;1.1;736890000.0;;2.51;0.27;621510000.0;53800000.0;53170000.0;-19700000.0;8.56;3.12;0.33;-58.12;14.21;-0.08
ALUPAR INVESTIMENTO S/A;9.45;9090000000.0;-730680000.0;1.28;2440000000.0;76.94;40.47;11690000000.0;;11.29;4.45;3170000000.0;2310000000.0;2450000000.0;-149550000.0;77.42;5.93;1.16;11.36;8.16;0.83
OURO FINO SAÚDE ANIMAL;20.98;141440000.0;-508030000.0;17310000.0;494470000.0;49.32;1.73;403560000.0;;4.99;0.62;1.0;138030000.0;172170000.0;-84740000.0;17.17;3.03;1.7;65.34;12.32;0.32
BR PROPERTIES;227.03;1.05;0.0;-66170000.0;158450000.0;100.0;-41.76;1.21;;-12.17;-0.52;158450000.0;-284650000.0;-65360000.0;89260000.0;-41.25;0.0;0.06;-1.59;4005.66;-142.48
BANCO BTG PACTUAL;8.38;-2070000000.0;-34120000000.0;8410000000.0;9070000000.0;21.01;19.46;0.0;-2070000000.0;21.32;4.79;43190000000.0;10000000000.0;6620000000.0;-39210000.0;15.33;2.96;2.06;11.47;4.06;0.73
JOÃO FORTES ENGENHARIA S.A.;2.31;592440000.0;-67170000.0;-28590000.0;7690000.0;10.27;-38.18;611490000.0;;369.23;-1.06;74860000.0;-58900000.0;-57250000.0;49600000.0;-76.47;0.0;-0.08;-1.83;-30.46;-1.27
SÃO CARLOS;23.2;1.6;-384560000.0;28310000.0;378080000.0;48.54;3.63;1.83;;8.02;0.47;778900000.0;285340000.0;349920000.0;-15210000.0;44.92;0.0;0.87;45.64;26.65;0.51
NUTRIPLANT INDUSTRIA E COMERCIO S.A.;3.54;5410000.0;-130340000.0;3520000.0;25390000.0;16.3;2.26;7900000.0;;21.98;2.85;155740000.0;10550000.0;11260000.0;-1870.0;7.23;0.0;1.49;13.31;2.38;0.27
REFINARIA DE PETROLEOS MANGUINHOS;2.32;5250000.0;-5950000000.0;-909610000.0;-689010000.0;-13.11;-17.3;5260000.0;;21.56;-4.98;5260000000.0;-1.03;-1.02;0.0;-19.37;0.0;-0.03;-0.17;-70.42;-13.44
CIA ENERGÉTICA DE BRASILIA;13.79;-624620000.0;-160600000.0;229100000.0;123390000.0;43.45;80.67;0.0;-624620000.0;16.31;5.42;284000000.0;240410000.0;244780000.0;-76730000.0;86.19;10.81;0.99;5.28;13.92;2.61
COELBA;44.45;12550000000.0;-10200000000.0;1.58;4210000000.0;29.21;10.98;13180000000.0;12550000000.0;16.21;6.54;14410000000.0;3280000000.0;4110000000.000001;-117000000.0;28.49;3.67;1.85;7.36;24.05;6.04
SARAIVA;3.21;35880000.0;-38750000.0;68910000.0;35570000.0;47.86;92.73;35980000.0;;-15.91;-4.72;74320000.0;54950000.0;89970000.0;0.0;121.07;0.0;-0.08;0.45;-39.57;7.15
WDC NETWORKINGS;4.0;-72260000.0;-789520000.0;13830000.0;219870000.0;21.78;1.37;0.0;;8.21;0.54;1.01;67460000.0;250630000.0;14670000.0;24.83;0.0;0.4;18.71;9.95;0.21
CTEEP - CIA TRANSMISSÃO ENERGIA ELÉTRICA PAULISTA;30.0;7370000000.0;-2180000000.0;2420000000.0;3290000000.0;60.07;44.28;8830000000.0;;12.13;3.64;5470000000.0;3550000000.0;3580000000.0;-356050000.0;65.39;3.51;1.13;8.34;26.57;3.6
COSERN;28.25;2140000000.0;-2480000000.0;639000000.0;1.14;31.54;17.68;2540000000.0;2140000000.0;20.0;11.12;3620000000.0;888000000.0;1.09;-76000000.0;30.26;2.44;3.12;7.43;9.07;3.8
BANCO AMAZONIA;89.74;-1.65;-2060000000.0;1.25;1.06;29.18;34.41;0.0;;24.25;6.14;3630000000.0;1.93;642150000.0;-602820000.0;17.69;5.94;0.92;4.03;97.45;22.28
EUCATEX;13.72;550340000.0;-1.82;259690000.0;847490000.0;32.08;9.83;683610000.0;;10.71;3.13;2640000000.0;336190000.0;480760000.0;-33970000.0;18.2;0.0;0.59;4.89;23.09;2.8
ENERGISA;14.88;22530000000.0;-19510000000.0;2020000000.0;7320000000.0;27.29;7.54;31110000000.0;;12.04;4.41;26830000000.0;5760000000.0;7160000000.0;-591660000.0;26.68;2.02;2.56;18.99;5.81;0.78
MINUPAR;14.41;178000.0;-275220000.0;-1530.0;108330000.0;28.24;-0.4;290000.0;;-10.56;-0.12;383560000.0;35620000.0;45380000.0;1060.0;11.83;0.0;-0.31;-65.88;-46.13;-0.22
REDE ENERGIA;5.76;9750000000.0;-10830000000.0;1.77;4300000000.0;28.44;11.67;12140000000.0;;18.09;11.35;15130000000.0;3280000000.0;3330000000.0;-395320000.0;21.99;11.83;3.2;9.33;1.8;0.62
WHIRLPOOL;4.38;-746860000.0;-9100000000.0;353600000.0;1.72;15.89;3.27;1.06;;17.69;3.8;10820000000.0;767690000.0;949470000.0;-157500000.0;8.78;4.27;2.76;18.71;1.59;0.23
ALPARGATAS;8.25;936860000.0;-2320000000.0;-228840000.0;1.7;42.24;-5.69;1.35;;-6.09;-1.02;4020000000.0;-286110000.0;431660000.0;119500000.0;10.73;0.0;1.06;-24.7;7.77;-0.33
EQUATORIAL PARA DISTRIBUIDORA DE ENERGIA S.A.;10.05;3750000000.0;-6240000000.0;1.8;3000000000.0;32.48;19.48;5120000000.0;3750000000.0;23.46;12.54;9240000000.0;2280000000.0;2700000000.0;-180390000.0;29.16;0.0;5.85;12.38;1.72;0.81
HAGA S/A;2.62;-18470000.0;-21590000.0;7640000.0;7990000.0;27.02;25.81;20750000.0;;-16.61;-3.3;29590000.0;6310000.0;713470.0;-541310.0;2.41;0.0;-0.56;4.08;-4.66;0.64
CONSÓRCIO ALFA DE ADMINISTRAÇÃO;9.27;-1.53;-152550000.0;124540000.0;-148950000.0;-4122.59;3447.05;0.0;-1.53;2.6;1.99;3610000.0;44780000.0;61150000.0;-10570000.0;1692.39;0.0;0.52;8.52;17.89;1.09
NEXPE PARTICIPAÇÕES S.A.;5.47;50190000.0;-29760000.0;-102210000.0;104290000.0;77.8;-76.25;55940000.0;;129.79;-33.83;134050000.0;-91120000.0;-82350000.0;-3370000.0;-61.43;0.0;-0.11;-0.14;-48.48;-39.18
EMBPAR;15.9;5540000.0;-927870000.0;76420000.0;177580000.0;16.06;6.91;41860000.0;;47.33;16.42;1.11;110240000.0;114000000.0;-26440000.0;10.31;0.0;1.75;3.09;9.1;5.14
ELECTRO ACO ALTONA;7.75;100870000.0;-365800000.0;31330000.0;104020000.0;22.14;6.67;108980000.0;;14.09;3.67;469820000.0;50310000.0;69840000.0;-3680000.0;14.87;0.0;0.79;5.57;9.86;1.39
ATOM EMPREENDIMENTOS E PARTICIPAÇÕES S/A;2.11;-18360000.0;-1550.0;2640000.0;25280000.0;94.24;9.83;0.0;;4.24;2.78;26830000.0;1390.0;216000.0;-565000.0;0.81;15.18;2.58;22.75;0.82;0.09
COTEMINAS;9.43;1.08;-1.38;-533550000.0;399580000.0;22.43;-29.95;1.39;;-5.08;-19.77;1.78;-101160000.0;1130.0;-560000.0;0.06;0.0;0.47;-0.94;20.06;-9.99
AFLUENTE;7.19;226700000.0;-37430000.0;26010000.0;34910000.0;48.25;35.95;234000000.0;;4.8;2.47;72350000.0;26870000.0;27040000.0;-3610000.0;37.38;3.65;1.81;17.44;3.96;0.41
GRAZZIOTIN;24.9;-107290000.0;-301020000.0;96480000.0;362860000.0;54.66;14.53;0.0;;5.79;2.9;663870000.0;60240000.0;70090000.0;-11290000.0;10.56;0.0;0.59;5.18;42.12;4.81
BAHEMA;9.55;167310000.0;-218790000.0;-92450000.0;160430000.0;42.87;-24.7;191390000.0;;-13.69;-29.4;374220000.0;-31540000.0;18150000.0;-3530000.0;4.85;0.0;3.89;-2.76;2.46;-3.46
TELEBRAS;16.5;-255240000.0;-589020000.0;-3540000.0;-198670000.0;-50.89;-0.91;115100000.0;;2.99;-0.05;390360000.0;53560000.0;300110000.0;0.0;76.88;0.0;0.85;-402.75;19.41;-0.04
COMGÁS;120.0;5580000000.0;-13590000000.0;447160000.0;3610000000.0;20.96;2.6;7680000000.0;5580000000.0;19.15;17.08;17200000000.0;2870000000.0;3410000000.0;-1.38;19.81;9.66;161.27;35.56;0.74;3.37
BAUMER;10.15;-26840000.0;-75990000.0;11010000.0;106630000.0;58.39;6.03;23920000.0;;6.62;2.0;182620000.0;17930000.0;22400000.0;-6930000.0;12.26;2.13;0.7;10.61;14.53;0.96
CELESC;59.99;1.44;-8860000000.0;612580000.0;1.39;13.58;5.98;2470000000.0;;13.46;5.07;10250000000.0;925180000.0;1.22;-161400000.0;11.9;0.47;0.72;3.78;82.99;15.88
RIO PARANAPANEMA;23.69;589060000.0;-798120000.0;338930000.0;625060000.0;43.92;23.82;906320000.0;;14.04;4.25;1.42;548030000.0;819990000.0;-130970000.0;57.62;13.56;1.08;6.6;21.86;3.59
CEDRO TÊXTIL;16.0;232150000.0;-923860000.0;40240000.0;295060000.0;24.21;3.3;247520000.0;;33.64;7.7;1.22;147580000.0;166420000.0;-13580000.0;13.65;0.0;1.06;8.81;15.08;1.82
BANCO MERCANTIL DO BRASIL;15.41;-1.98;-2070000000.0;222610000.0;2190000000.0;51.41;5.23;0.0;;15.91;4.17;4250000000.0;261000000.0;0.0;-38390000.0;0.0;4.46;1.15;7.24;13.35;2.13
AMPLA ENERGIA E SERVICOS;15.9;4640000000.0;-6440000000.0;-56890000.0;1.35;17.29;-0.73;5320000000.0;;8.49;-0.27;7780000000.0;948020000.0;1.61;-29910000.0;20.74;0.0;0.7;-67.13;22.86;-0.24
BIOMM;4.5;109730000.0;-102980000.0;-85580000.0;19130000.0;15.67;-70.09;159350000.0;;-28.34;-15.77;122100000.0;-78930000.0;-67010000.00000001;-508000.0;-54.88;0.0;3.02;-4.13;1.49;-1.09
SONDOTECNICA ENGENHARIA SOLOS S.A.;34.43;-32480000.0;-96990000.0;18940000.0;66780000.0;40.78;11.56;0.0;-32480000.0;24.29;7.79;163770000.0;28670000.0;31250000.0;-15150000.0;19.08;0.0;1.52;5.16;22.64;6.67
CONSTRUTORA ADOLPHO LINDENBERG;14.2;49660000.0;-122480000.0;18220000.0;42460000.0;25.75;11.05;61930000.0;;25.95;17.95;164930000.0;27010000.0;27280000.0;-3050000.0;16.54;3.15;1.74;2.9;8.16;4.9
BANCO ALFA DE INVESTIMENTO;11.36;-5820000000.0;-2800000000.0;-16770000.0;602430000.0;17.73;-0.49;0.0;;5.52;-0.24;3400000000.0;155390000.0;0.0;-60620000.0;0.0;1.39;0.59;9.98;19.37;1.14
BICICLETAS MONARK;297.7;-153120000.0;-12800000.0;26860000.0;4660000.0;26.71;153.9;6520000.0;;0.78;3.35;17450000.0;9070000.0;10280000.0;-7470000.0;58.91;19.41;0.68;5.04;435.49;59.07
PETTENATI;11.21;146400000.0;-718760000.0;62820000.0;146960000.0;17.02;7.27;255290000.0;;10.67;4.25;863630000.0;81840000.0;70730000.0;-15130000.0;8.19;2.84;1.46;14.71;7.7;0.76
ALPHAVILLE;4.46;959570000.0;-249660000.0;-515290000.0;90960000.0;26.7;-151.28;1.1;;-47.28;-31.19;340620000.0;-262870000.0;-257160000.00000003;-12840000.0;-75.5;0.0;-0.25;-0.25;-18.05;-18.03
ALFA HOLDINGS;7.55;-66190000.0;0.0;66390000.0;0.0;0.0;0.0;0.0;-66190000.0;5.49;1.57;0.0;60190000.0;60190000.0;-1580.0;0.0;0.0;0.6;9.63;12.6;0.78
BANCO NORDESTE DO BRASIL;91.96;-4050000000.0;-4680000000.0;2230000000.0;3950000000.0;45.79;25.87;0.0;;24.01;6.11;8630000000.0;3750000000.0;0.0;-1.38;0.0;3.85;0.81;3.56;114.18;25.85
ENERGISA MATO GROSSO;62.49;4470000000.0;-4870000000.0;974590000.0;2120000000.0;30.32;13.95;5480000000.0;;17.79;7.66;6990000000.0;1.7;1.97;-150980000.0;28.14;4.97;4.2;14.04;14.87;4.45
BANCO BANESE;25.86;-80320000.0;-753470000.0;61660000.0;417410000.0;35.65;5.27;0.0;;9.94;2.59;1.17;65260000.00000001;85710000.0;5860000.0;7.32;13.27;0.73;7.09;35.35;3.65
DOHLER;7.0;23980000.0;-534090000.00000006;-9380000.0;121350000.0;18.51;-1.43;107020000.0;;-1.92;-0.33;655440000.0;-10710000.0;8070000.0;-4740000.0;1.23;0.0;0.76;-56.43;9.24;-0.12
PLASCAR PARTICIPAÇÕES;7.7;285720000.0;-799790000.0;21680000.0;108090000.0;11.91;2.39;292820000.0;;12.26;-1.39;907880000.0;54430000.0;95540000.0;58570000.0;10.52;0.0;-0.29;4.41;-26.29;1.74
MUNDIAL S/A;54.0;375700000.0;-501850000.0;912870000.0;307010000.0;37.96;112.86;380430000.0;;-34.7;-345.7;808870000.0;103090000.0;98000000.0;294100000.0;12.12;0.0;0.79;0.15;68.57;368.05
BANCO DE BRASILIA S.A.;14.0;-2950000000.0;-4070000000.000001;305610000.0;1.76;30.22;5.24;0.0;;8.39;3.37;5830000000.0;257820000.0;0.0;66250000.0;0.0;0.33;2.23;16.63;6.29;0.84
GENERAL SHOPPING;14.5;1.66;-49060000.0;-18590000.0;105150000.0;68.19;-12.06;1.77;;2.83;-0.58;154200000.0;42840000.0;45070000.0;-14180000.0;29.22;0.0;-0.04;-1.5;-392.36;-9.64
HABITASUL;56.5;155650000.0;-10440000.0;119750000.0;90340000.0;89.64;118.83;246530000.0;;16.34;5.81;100780000.0;134930000.0;136450000.0;-989000.0;135.4;5.13;0.9;4.31;62.76;13.11
JOSAPAR JOAQUIM OLIVEIRA S/A PARTICIPAÇÕES;21.0;651570000.0;-1.76;21830000.0;431650000.0;19.66;0.99;1.18;;5.61;0.89;2200000000.0;104380000.0;119780000.0;5900000.0;5.45;3.91;0.39;15.52;53.87;1.35
FINANCEIRA ALFA S.A.;6.1;-6830000000.0;-1.48;-20330000.0;378210000.0;19.34;-1.04;0.0;;-0.01;-0.48;1.96;592000.0;0.0;665000.0;0.0;0.0;0.6;33.77;10.23;0.18
CIA PARTICIPAÇÕES ALIANÇA DA BAHIA;33.9;-111960000.0;-10500000.0;22810000.0;38790000.0;78.72;46.29;114910000.0;;1.82;0.83;49270000.0;16570000.0;21480000.0;-1900.0;43.58;2.28;0.63;19.1;53.93;1.78
FERBASA;57.01;-714570000.0;-1.84;682640000.0;990950000.0;35.06;24.15;317050000.0;;15.93;5.47;2830000000.0;678630000.0;818140000.0;-115220000.0;28.95;5.22;1.56;7.38;36.46;7.73
CEEE-D;36.97;2510000000.0;-4090000000.0;-300030000.0;836010000.0;15.21;-5.46;3960000000.0;;36.98;-2.7;5490000000.0;405240000.0;564470000.0;1490.0;10.27;0.0;-0.88;-8.41;-42.07;-4.4
PANATLANTICA;25.15;-84170000.0;-1.84;24470000.0;170520000.0;8.48;1.22;497380000.0;;2.77;0.72;2010000000.0;58850000.0;76440000.0;-21680000.0;3.8;1.92;0.71;24.6;35.33;1.02
METALFRIO SOLUTIONS;45.05;1.36;-1.56;-92170000.0;311350000.0;16.64;-4.93;1.51;;9.49;-7.07;1.87;113380000.0;168750000.0;-10110000.0;9.02;0.0;-0.44;-1.76;-101.49;-25.59
SÃO PAULO TURISMO S.A.;16.59;-32510000.0;-304800000.0;74930000.0;165490000.0;35.19;15.93;4370000.0;-32510000.0;683.72;-105.92;470270000.0;100890000.0;107130000.0;-12370000.0;22.78;0.0;16.53;1.89;1.0;8.77
MRS LOGÍSTICA S.A.;26.5;3250000000.0;-3150000000.0;1.05;2770000000.0;46.74;17.7;4480000000.0;3250000000.0;15.94;4.63;5920000000.0;2110000000.0;3030000000.0;-445040000.0;51.12;0.0;1.5;8.6;17.63;3.08
ESTRELA;12.59;75280000.0;-91920000.0;-64599999.99999999;81920000.0;47.12;-37.16;76230000.0;;-2.18;-3.13;173840000.0;10100000.0;12590000.0;0.0;7.24;0.0;-0.19;-1.58;-66.76;-7.99
WLM INDÚSTRIA E COMÉRCIO;27.34;-2310000.0;-1.94;113320000.0;278600000.0;12.56;5.11;155180000.0;;13.8;4.49;2220000000.0;156410000.0;160580000.0;-44810000.0;7.24;2.89;1.52;8.78;17.94;3.11
GRUPO CASAS BAHIA S.A;0.75;7820000000.0;-21280000000.0;-1.16;9410000000.0;30.67;-3.76;8690000000.0;;-4.45;-5.64;30700000000.0;561000000.0;1.67;1.15;5.43;0.0;0.39;-1.54;1.94;-0.49
MONTEIRO ARANHA S.A.;388.0;-248660000.0;0.0;1.32;0.0;0.0;0.0;876850000.0;;39.32;29.59;0.0;1.17;962020000.0;216780000.0;0.0;0.46;3.06;5.74;127.0;67.59
DTCOM - DIRECT TO COMPANY S.A.;5.06;-23000.0;-8490000.0;1920.0;1060.0;11.13;20.09;1080.0;;147.4;-58.23;9560000.0;1050.0;1090.0;0.0;11.44;0.0;-153.05;29.34;-0.03;0.17
BANCO MERCANTIL DE INVESTIMENTOS;22.4;-2440000.0;-16480000.0;9370000.0;22400000.0;57.62;24.11;0.0;;6.83;1.75;38870000.0;11990000.0;0.0;-2780000.0;0.0;0.0;0.8;11.53;27.95;1.94
NORDON INDUSTRIAS METALÚRGICAS S.A.;5.46;37930000.0;-136000.0;-7640000.0;1860.0;93.09;-382.32;37950000.0;;-3.89;-1.24;2000.0;4600000.0;-142000.0;0.0;-7.11;0.0;-0.23;-4.74;-23.6;-1.15
CIA SEGUROS ALIANÇA DA BAHIA;33.5;-60520000.0;-719000.0;16239999.999999998;-281000.0;-64.16;3707.08;0.0;;4.39;2.08;438000.0;9290000.0;-6240000.0;311000.0;-1424.66;1.8;1.26;15.85;26.65;2.11
WETZEL;13.3;71730000.0;-245180000.0;24880000.0;44400000.0;15.33;8.59;72110000.0;;-27.37;-48.82;289580000.0;4440000.0;8780000.0;20900000.0;3.03;0.0;-2.29;0.89;-5.81;14.95
EDP - ENERGIAS DO BRASIL S.A.;24.08;9990000000.0;-12300000000.0;593220000.0;5210000000.0;29.74;3.39;12230000000.0;;9.02;1.34;17500000000.0;2790000000.0;4160000000.0;-715080000.0;23.77;5.9;1.3;36.67;18.49;0.66
METISA;79.0;-93920000.0;-502710000.0;94530000.0;223530000.0;30.78;13.02;35750000.0;;18.07;6.01;726240000.0;111800000.0;123150000.0;-29890000.0;16.96;2.22;1.66;7.35;47.51;10.75
BOA VISTA;7.98;-1.14;-371460000.0;285540000.0;483120000.0;56.53;33.41;8430000.0;;4.94;3.19;854580000.0;175510000.0;365060000.0;-61630000.0;42.72;3.18;1.84;14.81;4.34;0.54
CIA CELG DE PARTICIPAÇÕES;44.51;-171540000.0;-309390000.0;21590000.0;218490000.0;41.39;4.09;1690.0;;5.03;0.54;527870000.0;48050000.0;104280000.0;-11740000.0;19.75;0.0;4.92;164.36;9.04;0.27
MODAL MAIS;3.08;-796570000.0;-653140000.0;-72840000.0;675060000.0;50.83;-5.48;0.0;;-10.73;-1.42;1.33;-67870000.0;0.0;60300000.0;0.0;1.42;1.82;-29.78;1.7;-0.1
KARSTEN;18.0;479900000.0;-392440000.0;28480000.0;246410000.0;38.57;4.46;535570000.00000006;;13.22;-4.77;638850000.0;55760000.0;62830000.0;-2620000.0;9.84;0.0;-0.84;3.92;-21.54;4.59
MERCANTIL DO BRASIL FINANCEIRA;15.28;-16239999.999999998;-14060000.0;-3600000.0;33610000.0;70.51;-7.54;0.0;;-3.01;-0.36;47660000.0;-5330000.0;0.0;-2150000.0;0.0;0.0;1.11;-76.53;13.81;-0.2
CIA DISTRIBUIDORA DE GÁS DO RJ;85.0;710960000.0;-4610000000.0;337080000.0;1.53;24.88;5.49;1.2;;32.13;7.01;6140000000.0;921720000.0;1.07;-150270000.0;17.37;1.2;18.43;65.47;4.61;1.3
CEMEPE INVESTIMENTOS S.A.;30.05;0.0;0.0;-88000.0;0.0;0.0;0.0;0.0;;3.8;-0.36;0.0;-236000.0;-36000.0;0.0;0.0;0.0;-4.45;-313.79;-6.75;-0.1
CR2 EMPREENDIMENTOS;16.0;-3970000.0;-2300000.0;-9020000.0;298000.0;11.47;-347.17;0.0;;-11.37;-2.46;2600000.0;-9870000.0;-7960000.0;-147000.0;-306.51;0.0;0.44;-4.42;36.37;-3.62
IGB ELETRÔNICA S/A;175.99;246620000.0;0.0;391240000.0;7270000.0;100.0;5381.57;352010000.0;;-146.76;-10.26;7270000.0;438720000.0;2340000.0;0.0;32.24;0.0;-0.34;0.56;-520.56;312.87
INSTITUTO HERMES PARDINI S.A;20.25;183720000.0;-1.55;147380000.0;557220000.0;26.45;7.0;541330000.0;;14.8;3.78;2110000000.0;280310000.0;438050000.0;-49380000.0;20.8;11.28;5.3;36.76;3.82;0.55
CASAN;9.61;1.67;-890030000.0;89820000.0;665190000.0;42.77;5.78;1.75;;6.49;1.19;1.56;286110000.0;437660000.0;-46170000.0;28.14;0.0;4.69;101.61;2.05;0.09
EDITORA MELHORAMENTOS;46.19;99440000.0;-126870000.0;16700000.0;75540000.0;37.32;8.25;148840000.0;;2.27;0.51;202410000.0;27550000.0;34360000.0;5400000.0;16.97;0.12;0.36;17.72;128.8;2.61
BR MALLS;8.26;1.83;-161030000.0;680610000.0;1.31;89.05;46.28;2810000000.0;;6.28;1.53;1.47;970120000.0;932230000.0;86580000.0;63.39;0.0;0.61;10.91;13.58;0.76
DOMMO ENERGIA;1.76;-77490000.0;-151200000.0;-3670000.0;181360000.0;54.53;-1.1;0.0;;-4.91;-0.35;332560000.0;27150000.0;15790000.0;0.0;4.75;0.0;-1.72;-258.65;-1.03;-0.01
GETNET ADQUIRENCIA E SERVIÇOS S.A.;2.4;608830000.0;-1.96;591320000.0;1.39;41.43;17.64;1.24;;10.57;4.27;3350000000.0;617100000.0;943420000.0;-104140000.0;28.14;0.0;1.24;7.55;1.94;0.32
SUL AMÉRICA;7.43;-13910000000.0;-21000000000.0;181170000.0;931140000.0;4.25;0.83;3060000000.0;;-8.72;1.09;21930000000.0;-733160000.0;-572210000.0;263370000.0;-2.61;0.27;1.13;52.32;6.55;0.14
CELPE;43.0;6970000000.0;-6630000000.0;78000000.0;1.64;19.79;0.94;7890000000.0;6970000000.0;10.41;1.28;8270000000.0;994000000.0;1.38;-14000000.0;16.72;1.39;2.1;41.13;20.47;1.05
TECNOSOLO ENGENHARIA;1.2;33820000.0;0.0;-1160.0;0.0;0.0;0.0;33830000.0;;-3.52;-122.3;0.0;-1160.0;0.0;0.0;0.0;0.0;-8.4;-6.87;-0.14;-0.17
BLUE TECH SOLUTIONS E.Q.I. S.A.;5.14;0.0;0.0;-4670000.0;0.0;0.0;0.0;0.0;;-7.53;-4.1;0.0;-4260000.0;0.0;0.0;0.0;0.0;0.46;-5.62;11.09;-0.92
SCHULZ;27.65;51470000.0;-1.52;317400000.0;603650000.0;28.44;14.95;703250000.0;;19.47;7.05;2120000000.0;409380000.0;470570000.0;-39700000.0;22.17;0.34;8.26;31.13;3.35;0.89
INVESTIMENTOS BEMGE S.A.;11.99;-2000.0;0.0;8790000.0;19220000.0;100.0;45.72;0.0;;9.89;1.46;19220000.0;18030000.0;0.0;-2760000.0;0.0;0.33;0.18;3.22;65.34;3.72
FINANSINOS S.A. - CREDITO FINANC. E INVEST.;14.25;-83000.0;-293000.0;4920000.0;3420000.0;92.18;132.59;0.0;;-8.66;8.92;3710000.0;365000.0;380000.0;1550.0;10.24;0.0;0.96;2.65;14.92;5.38
TEKA;8.23;508840000.0;-221820000.0;-156810000.0;48440000.0;17.92;-58.02;509030000.0;;7.54;-2.06;270260000.0;-106980000.0;-102450000.0;1850.0;-37.91;0.0;0.0;-0.03;-3881.88;-311.64
HERCULES S.A. FABRICA DE TALHERES;96.0;324580000.0;0.0;205650000.0;3330000.0;100.0;6168.36;324580000.0;;391.44;-12.76;3330000.0;2210000.0;1480.0;107170000.0;44.33;0.0;-0.14;0.24;-689.0;403.23
LOCAMERICA;24.15;19470000000.0;-4890000000.0;327650000.0;2720000000.0;35.76;4.3;20160000000.0;;6.33;1.28;7620000000.0;2080000000.0;3200000000.0;-358710000.0;41.98;0.0;1.74;37.5;13.87;0.64
BANCO INTER;3.49;0.0;-361540000.0;-27300000.0;362090000.0;50.04;-3.77;0.0;;-2.03;-0.11;723640000.0;-98570000.0;0.0;71270000.0;0.0;0.0;1.08;864.53;3.22;0.0
CEEE-GT;294.77;1.26;-543890000.0;657840000.0;829730000.0;60.27;47.79;1.65;;25.37;10.37;1.38;1.08;1.1;-307040000.0;79.81;0.0;2.02;3.41;146.02;86.49
BRASIL BROKERS;0.8;-30230000.0;-48900000.0;-78210000.0;69920000.0;58.85;-65.82;0.0;;-309.28;-157.15;118820000.0;-63500000.0;-65280000.0;-353000.0;-54.94;0.0;5.14;-1.36;0.16;-0.59
CESP;25.0;-2870000000.0;718440000.0;424710000.0;658670000.0;35.77;23.06;2270000000.0;-2870000000.0;9.05;1.14;1.84;1.1;-1.27;-82100000.0;-68.71;0.0;0.91;2.85;27.56;8.77
MOSAICO - ZOOM;8.24;-539080000.0;-23060000.0;32310000.000000004;196040000.0;89.47;14.74;0.0;;0.25;1.53;219110000.0;13650000.0;22080000.0;11990000.0;10.08;0.0;1.56;32.29;5.29;0.26
FOCUS ENERGIA HOLDING PARTICIPAÇÕES S.A.;10.9;-387290000.0;-1.47;40850000.0;107830000.0;6.82;2.58;37910000.0;;3.8;1.33;1.58;55680000.0;60460000.0;-16640000.0;3.83;0.0;0.99;23.91;11.02;0.46
ENCORPAR;90.25;-765000.0;0.0;-17370000.0;0.0;0.0;0.0;0.0;;-7.36;-12.28;0.0;-10020000.0;-160000.0;-396000.0;0.0;0.0;1.21;-9.87;74.46;-9.14
NOTRE DAME INTERMÉDICA;0.0;1.95;-9880000000.0;-11440000.0;2250000000.0;18.55;-0.09;3780000000.0;;2.22;-0.04;12130000000.0;397570000.0;776200000.0;-155610000.0;6.4;0.0;0.0;0.0;0.0;0.0
LOJAS AMERICANAS;15.08;-9910000000.0;-17380000000.0;649050000.0;8520000000.0;32.9;2.51;0.0;;5.87;4.04;25900000000.0;1.13;2750000000.0;184060000.0;10.61;0.0;1.77;48.39;8.52;0.31
IGUATEMI;29.49;1.93;-437660000.0;233570000.0;648570000.0;59.71;21.5;3090000000.0;;7.14;1.62;1.09;537560000.0;706330000.0;-24140000.0;65.03;0.0;1.25;22.52;23.52;1.31
CIA HERING;38.52;51630000.0;-866800000.0;141050000.0;591910000.0;40.58;9.67;202010000.0;;-7.32;8.27;1.46;-8620000.0;78430000.0;130900000.0;5.38;0.0;3.67;104.77;10.49;0.37
TERRA SANTA AGRO;22.43;862770000.0;-1.16;-104510000.0;218740000.0;15.86;-7.58;892460000.0;;3.94;-12.18;1.38;129560000.0;205120000.0;60670000.0;14.87;0.0;0.76;-6.21;29.64;-3.61
B2W DIGITAL;14.67;-2280000000.0;-8119999999.999999;-266410000.00000003;3250000000.0;28.59;-2.34;5070000000.0;;0.6;-2.89;11370000000.0;127480000.0;865570000.0;41390000.0;7.61;0.0;0.89;-30.84;16.48;-0.48
LINX;37.34;-223210000.0;-280430000.0;-77890000.0;617540000.0;68.77;-8.67;361810000.0;;-2.26;-4.81;897970000.0;-43070000.0;119850000.0;1760.0;13.35;0.0;4.37;-90.8;8.55;-0.41
SMILES;22.4;-64720000.0;-97850000.0;257990000.0;562480000.0;85.18;39.07;0.0;;24.47;37.96;660330000.0;273540000.0;305160000.0;-107240000.0;46.21;0.0;4.09;10.78;5.47;2.08
MMX MINERAÇÃO E METÁLICOS S.A.;14.0;269670000.0;0.0;-41950000.0;0.0;0.0;0.0;269960000.0;;0.28;-4.97;0.0;-510000.0;140000.0;-1090.0;0.0;0.0;-0.11;-2.17;-130.13;-6.46
BIOSEV;9.0;-981610000.0;-7650000000.0;898230000.0;4330000000.0;41.93;8.7;0.0;;-158.32;-22.35;10330000000.0;1.73;6580000000.0;-387770000.0;63.73;0.0;-10.84;10.22;-0.83;0.88
BANCO BANPARA;132.71;-1.36;-1.26;238000000.0;1.58;55.65;8.39;0.0;;14.62;3.56;2840000000.0;403400000.0;0.0;-155010000.0;0.0;2.34;0.74;9.73;178.47;13.64
FERROVIA CENTRO-ATLÂNTICA S.A.;5.0;885200000.0;-3120000000.0;-2260000000.0;176990000.0;5.37;-68.65;1.11;;-65.71;-22.7;3290000000.0;-1.53;-450140000.0;-457660000.0;-13.67;0.0;0.37;-0.32;13.37;-15.83
METALGRÁFICA IGUAÇU S.A.;5.21;-62930000.0;-175450000.0;-30750000.0;26570000.0;13.15;-15.22;0.0;;-3.31;-4.82;202020000.0;-21250000.0;-13970000.0;2200000.0;-6.92;0.0;0.0;-0.06;2936.08;-85.35
TREVISA;0.33;-3470000.0;-94340000.0;14650000.0;40570000.0;30.07;10.86;5430000.0;;11.35;3.32;134900000.0;22670000.0;36750000.0;-8870000.0;27.24;0.0;0.06;0.47;5.59;0.71
TEKNO S.A.;56.88;-29660000.0;-219170000.0;29120000.0;57210000.0;20.7;10.54;2480000.0;;12.5;2.72;276380000.0;39580000.0;36140000.0;-5210000.0;13.08;0.0;0.62;5.76;92.42;9.88
MANGELS INDUSTRIAL;74.1;560010000.0;-838680000.0;222250000.0;120040000.0;12.52;23.18;646320000.0;;-11.53;-163.63;958730000.0;86040000.0;106320000.0;164290000.0;11.09;0.0;13.35;1.93;5.55;38.43
